[
    {
        "city": "Scranton, PA"
    },
    {
        "city": "Stamford, CT"
    },
    {
        "city": "Utica, NY"
    },
    {
        "city": "Nashua, NH"
    },
    {
        "city": "New York, NY"
    },
    {
        "city": "Akron, OH"
    },
    {
        "city": "Albany, NY"
    },
    {
        "city": "Buffalo, NY"
    },
    {
        "city": "Camden, NJ"
    },
    {
        "city": "Rochester, NY"
    },
    {
        "city": "Syracuse, NY"
    },
    {
        "city": "Yonkers, NY"
    },
    {
        "city": "Binghamton, NY"
    },
    {
        "city": "Pittsfield, MA"
    }
]
